{
  "Right Option Key Sends" : 0,
  "Tags" : [

  ],
  "Ansi 12 Color" : {
    "Red Component" : 0.51372557878494263,
    "Color Space" : "sRGB",
    "Blue Component" : 0.58823525905609131,
    "Alpha Component" : 1,
    "Green Component" : 0.58039218187332153
  },
  "Use Non-ASCII Font" : false,
  "Ansi 7 Color" : {
    "Red Component" : 0.93333345651626587,
    "Color Space" : "sRGB",
    "Blue Component" : 0.83529424667358398,
    "Alpha Component" : 1,
    "Green Component" : 0.90980392694473267
  },
  "Bold Color" : {
    "Red Component" : 0.57647067308425903,
    "Color Space" : "sRGB",
    "Blue Component" : 0.63137257099151611,
    "Alpha Component" : 1,
    "Green Component" : 0.63137251138687134
  },
  "Ansi 8 Color" : {
    "Red Component" : 0.34509804844856262,
    "Color Space" : "sRGB",
    "Blue Component" : 0.45882350206375122,
    "Alpha Component" : 1,
    "Green Component" : 0.43137252330780029
  },
  "Ansi 9 Color" : {
    "Red Component" : 0.79607856273651123,
    "Color Space" : "sRGB",
    "Blue Component" : 0.086274512112140656,
    "Alpha Component" : 1,
    "Green Component" : 0.29411756992340088
  },
  "Ansi 6 Color" : {
    "Red Component" : 0.16470590233802795,
    "Color Space" : "sRGB",
    "Blue Component" : 0.59607839584350586,
    "Alpha Component" : 1,
    "Green Component" : 0.63137257099151611
  },
  "Rows" : 25,
  "Default Bookmark" : "No",
  "Link Color" : {
    "Red Component" : 0,
    "Color Space" : "sRGB",
    "Blue Component" : 0.73423302173614502,
    "Alpha Component" : 1,
    "Green Component" : 0.35916060209274292
  },
  "Cursor Guide Color" : {
    "Red Component" : 0.70213186740875244,
    "Color Space" : "sRGB",
    "Blue Component" : 1,
    "Alpha Component" : 0.25,
    "Green Component" : 0.9268307089805603
  },
  "Non-ASCII Anti Aliased" : true,
  "Use Bright Bold" : true,
  "Ansi 10 Color" : {
    "Red Component" : 0.22745098173618317,
    "Color Space" : "sRGB",
    "Blue Component" : 0.35294118523597717,
    "Alpha Component" : 1,
    "Green Component" : 0.27450981736183167
  },
  "Ambiguous Double Width" : false,
  "Jobs to Ignore" : [
    "rlogin",
    "ssh",
    "slogin",
    "telnet"
  ],
  "Ansi 15 Color" : {
    "Red Component" : 0.99215692281723022,
    "Color Space" : "sRGB",
    "Blue Component" : 0.89019614458084106,
    "Alpha Component" : 1,
    "Green Component" : 0.96470588445663452
  },
  "Foreground Color" : {
    "Red Component" : 0.51372557878494263,
    "Color Space" : "sRGB",
    "Blue Component" : 0.58823525905609131,
    "Alpha Component" : 1,
    "Green Component" : 0.58039218187332153
  },
  "Bound Hosts" : [

  ],
  "Working Directory" : "\/Users\/luiz.ferreira",
  "Blinking Cursor" : false,
  "Disable Window Resizing" : true,
  "Sync Title" : false,
  "Prompt Before Closing 2" : false,
  "BM Growl" : true,
  "Command" : "",
  "Description" : "Default",
  "Mouse Reporting" : true,
  "Screen" : -1,
  "Selection Color" : {
    "Red Component" : 0,
    "Color Space" : "sRGB",
    "Blue Component" : 0.25332435965538025,
    "Alpha Component" : 1,
    "Green Component" : 0.20616915822029114
  },
  "Columns" : 80,
  "Idle Code" : 0,
  "Ansi 13 Color" : {
    "Red Component" : 0.42395871877670288,
    "Color Space" : "sRGB",
    "Blue Component" : 0.77823466062545776,
    "Alpha Component" : 1,
    "Green Component" : 0.43224334716796875
  },
  "Brighten Bold Text" : true,
  "Custom Command" : "No",
  "ASCII Anti Aliased" : true,
  "Non Ascii Font" : "Monaco 12",
  "Vertical Spacing" : 1,
  "Use Bold Font" : true,
  "Option Key Sends" : 0,
  "Selected Text Color" : {
    "Red Component" : 0.57647067308425903,
    "Color Space" : "sRGB",
    "Blue Component" : 0.63137257099151611,
    "Alpha Component" : 1,
    "Green Component" : 0.63137251138687134
  },
  "Background Color" : {
    "Red Component" : 0,
    "Color Space" : "sRGB",
    "Blue Component" : 0.20169290900230408,
    "Alpha Component" : 1,
    "Green Component" : 0.15713045001029968
  },
  "Character Encoding" : 4,
  "Ansi 11 Color" : {
    "Red Component" : 0.22864179313182831,
    "Color Space" : "sRGB",
    "Blue Component" : 0.355743408203125,
    "Alpha Component" : 1,
    "Green Component" : 0.27763921022415161
  },
  "Use Italic Font" : true,
  "Unlimited Scrollback" : false,
  "Keyboard Map" : {
    "0xf700-0x260000" : {
      "Text" : "[1;6A",
      "Action" : 10
    },
    "0x37-0x40000" : {
      "Text" : "0x1f",
      "Action" : 11
    },
    "0x32-0x40000" : {
      "Text" : "0x00",
      "Action" : 11
    },
    "0xf709-0x20000" : {
      "Text" : "[17;2~",
      "Action" : 10
    },
    "0xf70c-0x20000" : {
      "Text" : "[20;2~",
      "Action" : 10
    },
    "0xf729-0x20000" : {
      "Text" : "[1;2H",
      "Action" : 10
    },
    "0xf72b-0x40000" : {
      "Text" : "[1;5F",
      "Action" : 10
    },
    "0xf705-0x20000" : {
      "Text" : "[1;2Q",
      "Action" : 10
    },
    "0xf703-0x260000" : {
      "Text" : "[1;6C",
      "Action" : 10
    },
    "0xf700-0x220000" : {
      "Text" : "[1;2A",
      "Action" : 10
    },
    "0xf701-0x280000" : {
      "Text" : "0x1b 0x1b 0x5b 0x42",
      "Action" : 11
    },
    "0x38-0x40000" : {
      "Text" : "0x7f",
      "Action" : 11
    },
    "0x33-0x40000" : {
      "Text" : "0x1b",
      "Action" : 11
    },
    "0xf703-0x220000" : {
      "Text" : "[1;2C",
      "Action" : 10
    },
    "0xf701-0x240000" : {
      "Text" : "[1;5B",
      "Action" : 10
    },
    "0xf70d-0x20000" : {
      "Text" : "[21;2~",
      "Action" : 10
    },
    "0xf702-0x260000" : {
      "Text" : "[1;6D",
      "Action" : 10
    },
    "0xf729-0x40000" : {
      "Text" : "[1;5H",
      "Action" : 10
    },
    "0xf706-0x20000" : {
      "Text" : "[1;2R",
      "Action" : 10
    },
    "0x34-0x40000" : {
      "Text" : "0x1c",
      "Action" : 11
    },
    "0xf700-0x280000" : {
      "Text" : "0x1b 0x1b 0x5b 0x41",
      "Action" : 11
    },
    "0x2d-0x40000" : {
      "Text" : "0x1f",
      "Action" : 11
    },
    "0xf70e-0x20000" : {
      "Text" : "[23;2~",
      "Action" : 10
    },
    "0xf702-0x220000" : {
      "Text" : "[1;2D",
      "Action" : 10
    },
    "0xf703-0x280000" : {
      "Text" : "0x1b 0x1b 0x5b 0x43",
      "Action" : 11
    },
    "0xf700-0x240000" : {
      "Text" : "[1;5A",
      "Action" : 10
    },
    "0xf707-0x20000" : {
      "Text" : "[1;2S",
      "Action" : 10
    },
    "0xf70a-0x20000" : {
      "Text" : "[18;2~",
      "Action" : 10
    },
    "0x35-0x40000" : {
      "Text" : "0x1d",
      "Action" : 11
    },
    "0xf70f-0x20000" : {
      "Text" : "[24;2~",
      "Action" : 10
    },
    "0xf703-0x240000" : {
      "Text" : "[1;5C",
      "Action" : 10
    },
    "0xf701-0x260000" : {
      "Text" : "[1;6B",
      "Action" : 10
    },
    "0xf702-0x280000" : {
      "Text" : "0x1b 0x1b 0x5b 0x44",
      "Action" : 11
    },
    "0xf72b-0x20000" : {
      "Text" : "[1;2F",
      "Action" : 10
    },
    "0x36-0x40000" : {
      "Text" : "0x1e",
      "Action" : 11
    },
    "0xf708-0x20000" : {
      "Text" : "[15;2~",
      "Action" : 10
    },
    "0xf701-0x220000" : {
      "Text" : "[1;2B",
      "Action" : 10
    },
    "0xf70b-0x20000" : {
      "Text" : "[19;2~",
      "Action" : 10
    },
    "0xf702-0x240000" : {
      "Text" : "[1;5D",
      "Action" : 10
    },
    "0xf704-0x20000" : {
      "Text" : "[1;2P",
      "Action" : 10
    }
  },
  "Window Type" : 0,
  "Cursor Boost" : 0.080512640449438205,
  "Cursor Type" : 2,
  "Background Image Location" : "",
  "Blur" : false,
  "Badge Color" : {
    "Red Component" : 1,
    "Color Space" : "sRGB",
    "Blue Component" : 0,
    "Alpha Component" : 0.5,
    "Green Component" : 0.1491314172744751
  },
  "Scrollback Lines" : 1000,
  "Send Code When Idle" : false,
  "Close Sessions On End" : true,
  "Terminal Type" : "xterm-256color",
  "Visual Bell" : true,
  "Flashing Bell" : false,
  "Silence Bell" : false,